pr_auc,roc_auc,best_f1,best_thr
0.9125703910471903,0.9427938923904726,0.8208795490334809,0.0018784665
