income_band,windows,fraud_windows,PR_AUC,ROC_AUC,Best_F1,Best_thr
low,12697,3777,0.9504485752013568,0.9660434408877904,0.8815365154155672,0.001640064874663949
mid,11904,3578,0.9276503755892578,0.951177455389362,0.8488235244254688,0.0018490304937586188
high,5890,1792,0.8989623732007842,0.9323530805532315,0.7936236784634714,0.0023060187231749296
