region,windows,fraud_windows,PR_AUC,ROC_AUC,Best_F1,Best_thr
Volta,3304,1003,0.9172403836246468,0.9441540654004957,0.8280590667467876,0.0019150020089000463
Ashanti,7766,2321,0.9141831432802219,0.9439327670184275,0.8283649453278482,0.0019238331587985158
Greater Accra,10825,3287,0.9117642444388481,0.9427353694733015,0.8173615382508683,0.0018733665347099304
Northern,4265,1258,0.9104423208865414,0.942042230027128,0.8220701404524204,0.0019724604208022356
Western,4331,1278,0.9102955107279556,0.9403460102610787,0.8234821019600208,0.0018622144125401974
